{"c":{"33":{"paths":[{"my":36.10500036621093,"mx":0,"dy":110.186,"d":"M 0,0 V 28.114 m 0,98.821 v 18.424"}],"w":0},"34":{"paths":[{"my":94.05800036621093,"mx":0,"dy":52.233,"d":"m 0,0 v -9.045 h -9.068 m 25.358,35.006,13.098,-25.961 v -9.045 h -9.068"}],"w":42.486000061035156},"35":{"paths":[{"my":43.977000366210945,"mx":0,"dy":102.314,"d":"M 0,0 h 77.416 m -60.622,39.696,15.785,-113.896 m 16.961,113.896,15.785,-113.896 M 170.296,67.14 h 77.416"}],"w":82.45401000976562},"36":{"paths":[{"my":-18.832999633789058,"mx":0,"dy":165.124,"d":"M 0,0 V 142.01 m 0,-113.896 V 5 m -33.25,118.753 c 4.702,11.054,16.457,18.257,31.907,18.257,19.983,0,32.074,-12.395,32.074,-27.302,0,-33.666,-61.63,-28.641,-61.63,-60.8,0,-13.232,10.412,-25.794,30.899,-25.794,14.442,0,23.342,6.365,27.373,15.075"}],"w":63.98101806640625},"37":{"paths":[{"my":4.281000366210947,"mx":0,"dy":142.01,"d":"m 0,0 m -59.616,0 c -12.427,0,-18.472,12.814,-18.472,28.725,0,16.08,6.045,28.223,18.556,28.223,12.511,0,18.556,-12.143,18.556,-28.223,0,-15.911,-6.045,-28.725,-18.472,-28.725 m 59.615,56.948 c -12.426,0,-18.472,12.813,-18.472,28.725,0,16.079,6.046,28.223,18.556,28.223,12.511,0,18.557,-12.144,18.557,-28.223,0,-15.912,-6.046,-28.725,-18.473,-28.725"}],"w":96.89599609375},"38":{"paths":[{"my":4.281000366210947,"mx":0,"dy":142.01,"d":"m 0,0 c -5.877,-6.532,-21.663,-20.1,-21.663,-34.336,0,-11.557,10.58,-21.942,25.022,-21.942,14.61,0,23.678,10.887,23.678,22.947,0,30.818,-59.111,29.143,-59.111,63.48,0,16.079,12.93,27.469,32.074,27.469,30.899,0,50.379,-29.479,50.379,-60.466"}],"w":84.8040771484375},"39":{"paths":[{"my":94.05800036621093,"mx":0,"dy":52.233,"d":"m 0,0 v -9.045 h -9.068"}],"w":13.0989990234375},"40":{"paths":[{"my":-15.147999633789055,"mx":0,"dy":161.439,"d":"M 0,0 c -11.924,-19.094,-21.831,-42.711,-21.831,-70.85,0,-28.139,7.389,-50.08,21.831,-71.017"}],"w":21.83099365234375},"41":{"paths":[{"my":126.71900036621093,"mx":0,"dy":19.572,"d":"M 0,0 c 14.442,20.937,21.831,42.878,21.831,71.017,0,28.139,-9.908,51.756,-21.831,70.85"}],"w":21.83099365234375},"42":{"paths":[{"my":68.76600036621093,"mx":0,"dy":77.525,"d":"m 0,0 m -10.076,-30.149,26.197,7.537,26.198,-7.537 m -26.198,7.704 V 28.115"}],"w":52.39501953125},"43":{"paths":[{"my":20.19300036621094,"mx":0,"dy":126.098,"d":"M 0,0 V 48.213 m -38.79,38.189 h 78.08"}],"w":78.0799560546875},"44":{"paths":[{"my":-19.502999633789074,"mx":0,"dy":165.794,"d":"m 0,0 v -9.044 h -9.07"}],"w":13.0999755859375},"45":{"paths":[{"my":50.84500036621094,"mx":0,"dy":95.446,"d":"M 0,0 h 36.44"}],"w":36.43994140625},"46":{"paths":[{"my":19.356000366210935,"mx":0,"dy":126.935,"d":"M 0,0 v 18.424"}],"w":0},"47":{"paths":[{"my":2.6060003662109352,"mx":0,"dy":143.685,"d":"m 0,0"}],"w":51.550048828125},"48":{"paths":[{"my":118.17700036621093,"mx":0,"dy":28.114,"d":"M 0,0 c -24.85,0,-36.94,25.626,-36.94,57.45,0,32.159,12.09,56.446,37.11,56.446 s 37.11,-24.287,37.11,-56.446 c 0,-31.823,-12.09,-57.45,-36.94,-57.45"}],"w":74.219970703125},"49":{"paths":[{"my":4.281000366210947,"mx":0,"dy":142.01,"d":"M 0,0 V 29.789 h -0.68 l -35.93,25.291"}],"w":36.610107421875},"50":{"paths":[{"my":4.281000366210947,"mx":0,"dy":142.01,"d":"M 0,0 h -67.17 v -0.67 l 37.45,-41.036 c 12.76,-14.07,25.53,-27.302,25.53,-45.224,0,-18.256,-13.27,-26.966,-27.88,-26.966,-14.78,0,-27.04,8.71,-31.91,23.114"}],"w":67.1700439453125},"51":{"paths":[{"my":24.883000366210936,"mx":0,"dy":121.408,"d":"M 0,0 c 3.19,12.394,15.28,20.769,31.57,20.769,19.82,0,32.41,-12.394,32.41,-29.479,0,-14.907,-9.4,-30.819,-34.76,-30.819 h -5.21"},{"my":64.41100036621094,"mx":29.220000000000027,"dy":81.88,"d":"M 0,0 c 22.5,0,33.08,-12.897,33.08,-27.972,0,-13.734,-9.07,-25.794,-29.05,-25.794,-16.12,0,-25.86,8.04,-30.73,16.917"}],"w":63.97998046875},"52":{"paths":[{"my":4.281000366210947,"mx":0,"dy":142.01,"d":"M 0,0 V 29.789 h -1.67 l -52.06,84.752 v 0.67 h 74.56"}],"w":74.56005859375},"53":{"paths":[{"my":27.39600036621094,"mx":0,"dy":118.895,"d":"M 0,0 c 5.38,14.907,16.46,23.115,30.4,23.115,18.3,0,32.07,-14.07,32.07,-34.839,0,-19.597,-12.42,-34.671,-32.41,-34.671,-7.72,0,-17.63,2.177,-24.68,6.532 l 1.68,-49.243 h 52.39"}],"w":62.469970703125},"54":{"paths":[{"my":118.17700036621093,"mx":0,"dy":28.114,"d":"m 0,0 c -13.77,18.256,-18.64,30.818,-18.64,44.05,0,16.75,9.07,34.337,33.92,34.337,21.5,0,33.59,-14.07,33.59,-33.164,0,-21.104,-15.28,-34.001,-32.58,-34.001,-11.59,0,-24.69,5.527,-32.41,17.419"}],"w":67.510009765625},"55":{"paths":[{"my":4.281000366210947,"mx":0,"dy":142.01,"d":"m 0,0 v -0.67 h -68.02"}],"w":68.02001953125},"56":{"paths":[{"my":118.17700036621093,"mx":0,"dy":28.114,"d":"M 0,0 c 16.63,0,28.22,10.385,28.22,23.952,0,30.818,-59.79,27.971,-59.79,62.81,0,17.586,15.28,27.134,31.57,27.134,16.12,0,32.08,-9.38,32.08,-27.134,0,-34.504,-59.95,-31.49,-59.95,-62.81,0,-12.227,9.06,-23.952,27.54,-23.952"}],"w":63.650146484375},"57":{"paths":[{"my":4.281000366210947,"mx":0,"dy":142.01,"d":"m 0,0 c 13.77,-18.257,18.64,-30.819,18.64,-44.05,0,-16.75,-9.07,-34.337,-33.92,-34.337,-21.5,0,-33.59,14.07,-33.59,33.164,0,21.104,15.28,34,32.58,34,11.59,0,24.69,-5.526,32.41,-17.418"}],"w":67.510009765625},"58":{"paths":[{"my":19.356000366210935,"mx":0,"dy":126.935,"d":"M 0,0 v 18.424 m 0,-94.633 V 69.15"}],"w":0},"59":{"paths":[{"my":95.56500036621094,"mx":0,"dy":50.726,"d":"M 0,0 V 69.15 m -10.75,96.644,13.1,-25.962 v -9.044 h -9.07"}],"w":13.10009765625},"60":{"paths":[{"my":91.71300036621093,"mx":0,"dy":54.578,"d":"m 0,0 v 0.67 l 75.9,39.193"}],"w":75.89990234375},"61":{"paths":[{"my":41.465000366210944,"mx":0,"dy":104.826,"d":"M 0,0 h -59.45 m 59.45,-33.498 h -59.45"}],"w":59.449951171875},"62":{"paths":[{"my":12.656000366210947,"mx":0,"dy":133.635,"d":"m 0,0 v -0.67 l -75.91,-39.194"}],"w":75.909912109375},"63":{"paths":[{"my":36.10500036621093,"mx":0,"dy":110.186,"d":"M 0,0 v -8.71 c 0,-8.542,2.86,-13.902,12.93,-22.611,6.72,-5.863,13.6,-14.405,13.6,-26.297,0,-13.902,-9.4,-24.454,-25.69,-24.454,-11.08,0,-22.5,5.025,-26.87,17.587 m 26.03,81.234 v 18.424"}],"w":52.56005859375},"64":{"paths":[{"my":32.92300036621094,"mx":0,"dy":113.368,"d":"M 0,0 c -6.38,8.375,-14.27,14.907,-24.35,14.907,-11.08,0,-16.12,-7.705,-16.12,-16.749,0,-13.065,10.25,-19.094,33.42,-19.094 h 7.05"},{"my":69.26900036621093,"mx":-37.7800000000002,"dy":77.022,"d":"M 0,0 c 4.03,-8.877,9.74,-13.4,19.31,-13.4,13.94,0,18.47,9.38,18.47,20.602 v 29.814 c 0,6.03,2.86,14.237,12.93,14.237,13.77,0,25.53,-15.242,25.53,-37.853,0,-31.322,-23.18,-54.268,-53.74,-54.268,-31.91,0,-59.11,23.114,-59.11,60.297,0,36.346,24.52,59.963,60.62,59.963,12.26,0,21.83,-2.847,29.56,-7.37"}],"w":112.85009765625},"65":{"paths":[{"my":39.957000366210934,"mx":0,"dy":106.334,"d":"M 0,0 h 61.63 m 14.11,35.676,-44.34,-113.058 h -0.67 l -45.01,113.058"}],"w":90.02001953125},"66":{"paths":[{"my":5.9560003662109295,"mx":0,"dy":140.335,"d":"M 0,0 h 27.21 c 29.05,0,38.96,-12.562,38.96,-29.144,0,-17.42,-10.92,-28.81,-37.62,-28.81 h -28.55"},{"my":63.90900036621093,"mx":31.91000000000031,"dy":82.382,"d":"M 0,0 c 16.46,0,30.9,-8.04,30.9,-26.632,0,-13.064,-7.22,-25.961,-35.77,-25.961 h -27.04 v 110.546"}],"w":66.170166015625},"67":{"paths":[{"my":94.22500036621093,"mx":0,"dy":52.066,"d":"M 0,0 c -6.22,-15.745,-17.8,-23.952,-34.93,-23.952,-28.72,0,-44.17,22.78,-44.17,56.78,0,37.519,18.98,57.116,44.17,57.116,19.65,0,32.58,-11.893,37.28,-25.627"}],"w":81.449951171875},"68":{"paths":[{"my":5.9560003662109295,"mx":0,"dy":140.335,"d":"M 0,0 V 29.789 m 0,110.546 h 20.16 c 30.22,0,58.27,-15.577,58.44,-55.106,0.16,-34.168,-20.83,-55.44,-53.91,-55.44 h -24.69"}],"w":78.600830078125},"69":{"paths":[{"my":5.9560003662109295,"mx":0,"dy":140.335,"d":"M 0,0 h -60.62 V 29.789 h 60.62 m -60.62,52.593 h 57.77"}],"w":60.6201171875},"70":{"paths":[{"my":4.281000366210947,"mx":0,"dy":142.01,"d":"M 0,0 V 29.789 h 57.27 m -57.27,54.101 h 54.41"}],"w":57.27001953125},"71":{"paths":[{"my":94.22500036621093,"mx":0,"dy":52.066,